month,day_type,rows,unique_grids,file,file_size_bytes
1,Holiday,209520,8730,month_01/day_type_Holiday/runscore.parquet,1774177
1,Workday,209520,8730,month_01/day_type_Workday/runscore.parquet,1790749
2,Holiday,209520,8730,month_02/day_type_Holiday/runscore.parquet,1773353
2,Workday,209520,8730,month_02/day_type_Workday/runscore.parquet,1787344
3,Holiday,209520,8730,month_03/day_type_Holiday/runscore.parquet,1768968
3,Workday,209520,8730,month_03/day_type_Workday/runscore.parquet,1783382
4,Holiday,209520,8730,month_04/day_type_Holiday/runscore.parquet,1759664
4,Workday,209520,8730,month_04/day_type_Workday/runscore.parquet,1775099
5,Holiday,209520,8730,month_05/day_type_Holiday/runscore.parquet,1767150
5,Workday,209520,8730,month_05/day_type_Workday/runscore.parquet,1781745
6,Holiday,209520,8730,month_06/day_type_Holiday/runscore.parquet,1777281
6,Workday,209520,8730,month_06/day_type_Workday/runscore.parquet,1791352
7,Holiday,209520,8730,month_07/day_type_Holiday/runscore.parquet,1776980
7,Workday,209520,8730,month_07/day_type_Workday/runscore.parquet,1791480
8,Holiday,209520,8730,month_08/day_type_Holiday/runscore.parquet,1778025
8,Workday,209520,8730,month_08/day_type_Workday/runscore.parquet,1793127
9,Holiday,209520,8730,month_09/day_type_Holiday/runscore.parquet,1776638
9,Workday,209520,8730,month_09/day_type_Workday/runscore.parquet,1791238
10,Holiday,209520,8730,month_10/day_type_Holiday/runscore.parquet,1760530
10,Workday,209520,8730,month_10/day_type_Workday/runscore.parquet,1775570
11,Holiday,209520,8730,month_11/day_type_Holiday/runscore.parquet,1769703
11,Workday,209520,8730,month_11/day_type_Workday/runscore.parquet,1782863
12,Holiday,209520,8730,month_12/day_type_Holiday/runscore.parquet,1773415
12,Workday,209520,8730,month_12/day_type_Workday/runscore.parquet,1785036
